Partner,Name,Date.ended,Filter
Kensington Palace,Queen,,Monday session
Buckingham Palace,Prince Harry,03/04/2017,
Buckingham Palace,Prince William,,
Buckingham Palace,Kate Middleton,,
Kensington Palace,Prince Phillip,,Wednesday session
Buckingham Palace,Prince Charles,,
Buckingham Palace,Diana,,
Buckingham Palace,Camilla Parker-Bowles,,
Kensington Palace,Prince Andrew,,Monday session
Buckingham Palace,Zara Phillips,,
Buckingham Palace,Prince George,,
Buckingham Palace,Prince Charlotte,,
Kensington Palace,Prince Charles,,Monday session
Buckingham Palace,Peter Phillips,04/02/2017,
Buckingham Palace,Prince Andrew,,
Buckingham Palace,Fergie,,
Kensington Palace,Princess Anne,,Monday session
Buckingham Palace,Prince Edward,05/02/2017,
Kensington Palace,Zara Phillips,,Monday session
Kensington Palace,Peter Phillips,,Monday session
Kensington Palace,Queen,,Wednesday session
Kensington Palace,Prince Andrew,,Wednesday session
Kensington Palace,Princess Anne,,Wednesday session
Kensington Palace,Prince Edward,,Wednesday session